-- Generated by scripts/gen_seed.py from MENU_AROGYA_Organized.xlsx
-- Quantities/thresholds default to 0; owner sets real levels + suppliers after.

insert into inventory_item (id, name, unit, quantity_on_hand, reorder_threshold) values
  ('142fd118-64c7-5ca7-8b7c-e13c18357e94', 'Premix Sachet', 'SACHET', 0, 0),
  ('1b2a7b83-bee7-54b5-b168-19cb4a4d6d43', 'Milk', 'ML', 0, 0),
  ('2c248236-23a5-5775-be41-cc5bbfeb7178', 'Kulhad (clay cup)', 'PIECE', 0, 0);

insert into inventory_item (id, name, unit, quantity_on_hand, reorder_threshold) values
  ('04054e83-9d24-5f60-b794-26c8a438a42e', 'Gold Flake (C)', 'PIECE', 0, 0),
  ('0a8beb59-352a-5d27-91ee-fb7550690f5c', 'Gold Flake (B)', 'PIECE', 0, 0),
  ('98585340-fb52-58f8-ab9e-67cd027965a9', 'Advance (C)', 'PIECE', 0, 0),
  ('bfbf50fa-9fbc-59e0-86fb-e0fb3ac02125', 'Advance (B)', 'PIECE', 0, 0),
  ('1cb85254-a3c3-59db-b69e-b1d8036823af', 'Black Filter', 'PIECE', 0, 0),
  ('c124f767-b068-5842-8236-c22af514bd4d', 'First Touch', 'PIECE', 0, 0),
  ('7491ccab-af79-5923-8d1b-672bc0b6c2a7', 'Connect', 'PIECE', 0, 0),
  ('433481fe-8376-55e0-b408-a4e72a3b12ae', 'Shift', 'PIECE', 0, 0),
  ('ad80bd46-cb7c-5a4e-b70c-9427237bed6c', 'Mild', 'PIECE', 0, 0),
  ('a4ad05d0-7b8f-5cd5-9996-54bc38862845', 'Double Burst', 'PIECE', 0, 0),
  ('89fe2d73-5ac6-5e8a-90e4-2ba97cb5c38d', 'Edition', 'PIECE', 0, 0),
  ('dadbd72e-52d0-5b46-bbf2-27ff658b99ae', 'Indi Mint', 'PIECE', 0, 0),
  ('51632194-9a02-55fa-92fc-29ed340f4afd', 'Classic Light', 'PIECE', 0, 0),
  ('3008f490-4e0d-515a-bc53-29bd3754eb07', 'Classic x2', 'PIECE', 0, 0),
  ('3b8f4a1d-a867-5d3f-9ff0-822f6db042d5', 'GF Light x2', 'PIECE', 0, 0),
  ('40154876-15ce-5ae1-a281-b92892ae07e9', 'Pass Pass', 'PIECE', 0, 0),
  ('d71ccc87-909c-507b-84e7-26b3637aaaa5', 'Cold Drink', 'PIECE', 0, 0),
  ('995b86b3-60dd-521f-9b31-78e084a326cb', 'Diet Coke', 'PIECE', 0, 0),
  ('8f493337-9fb1-56f9-949c-4991ea659f62', 'Red Bull', 'PIECE', 0, 0),
  ('5dcd561a-3c2c-5a96-a76b-8091718124ee', '7up Nimbooz', 'PIECE', 0, 0),
  ('842c0c49-9c81-5d97-9a4a-af2fd5cd096d', 'Mirinda Orange', 'PIECE', 0, 0),
  ('b710b833-12b0-56c7-b669-5abf3c4c16ea', 'Mountain Dew', 'PIECE', 0, 0),
  ('1d92ab98-46b4-50eb-8d71-1115fc814404', 'Pepsi Cola', 'PIECE', 0, 0),
  ('55499d90-bc7e-5cb4-813a-4095e1c271f0', 'Sting 250 ml', 'PIECE', 0, 0),
  ('737cf664-4138-5184-8fdb-6907a4c475b2', 'Sting 180ml CAN', 'PIECE', 0, 0),
  ('5badb0f3-e18e-5713-9126-ceb76595dd76', 'Tropicana Slice Tetra', 'PIECE', 0, 0),
  ('e7f69aae-8b01-5c0b-9ed4-ab35358d135b', 'Aquafina 500 ml', 'PIECE', 0, 0),
  ('db105fbb-6560-5ddd-a911-dbee8747f9df', 'Aquafina 1 Lit', 'PIECE', 0, 0),
  ('37292fcb-70b7-5102-890b-d594ac994792', 'LAYS', 'PIECE', 0, 0),
  ('98fbc019-eb5b-532e-a43a-1447ee13358c', 'Cream Roll', 'PIECE', 0, 0),
  ('3a1eff5f-b34c-5eb8-a952-7a2edb6ae25c', 'Ban Maska', 'PIECE', 0, 0),
  ('7a08cdc0-78dc-5a1c-9a75-33ba87fd7df8', 'Biscuit', 'PIECE', 0, 0),
  ('624adcdf-e569-5069-b958-09fbf3bf46e2', 'Maggie', 'PIECE', 0, 0),
  ('988d3a8d-6260-52d3-b915-6d4bc0b616b8', 'Roll', 'PIECE', 0, 0),
  ('b2914872-a992-5f9d-8342-e272f316918e', 'Paneer', 'PIECE', 0, 0),
  ('695e9ecc-0287-5178-829a-b614983b6182', 'Cadbury', 'PIECE', 0, 0),
  ('99896490-dfc5-5a7e-8114-82cbedeaaa4c', 'Cadbury (Chota)', 'PIECE', 0, 0);

insert into menu_item (id, name, category, type, resale_item_id) values
  ('7e201f0b-fe71-5bab-9b1d-3066c9d46145', 'Gold Flake (C)', 'CIGARETTES', 'RESALE', '04054e83-9d24-5f60-b794-26c8a438a42e'),
  ('06ae0d1d-8713-5499-9787-025ad54ebe7d', 'Gold Flake (B)', 'CIGARETTES', 'RESALE', '0a8beb59-352a-5d27-91ee-fb7550690f5c'),
  ('a6b8d53e-ff1f-543d-86d6-541b55b9fd6a', 'Advance (C)', 'CIGARETTES', 'RESALE', '98585340-fb52-58f8-ab9e-67cd027965a9'),
  ('7d0b8d9d-5059-50e3-899b-442c3fa14619', 'Advance (B)', 'CIGARETTES', 'RESALE', 'bfbf50fa-9fbc-59e0-86fb-e0fb3ac02125'),
  ('c9ca394d-a350-5b96-9303-28e7eec15a0f', 'Black Filter', 'CIGARETTES', 'RESALE', '1cb85254-a3c3-59db-b69e-b1d8036823af'),
  ('61037c0d-2ee3-5612-887c-64efada10eca', 'First Touch', 'CIGARETTES', 'RESALE', 'c124f767-b068-5842-8236-c22af514bd4d'),
  ('b983f5ac-945c-50c6-9890-365fd0c52ca5', 'Connect', 'CIGARETTES', 'RESALE', '7491ccab-af79-5923-8d1b-672bc0b6c2a7'),
  ('5ad0725e-8023-57e9-b61c-a21b908f73b9', 'Shift', 'CIGARETTES', 'RESALE', '433481fe-8376-55e0-b408-a4e72a3b12ae'),
  ('ecff6741-018b-5fb8-88a0-8d486f654110', 'Mild', 'CIGARETTES', 'RESALE', 'ad80bd46-cb7c-5a4e-b70c-9427237bed6c'),
  ('744d40c9-01f7-57f3-b1ac-9bcd9f39d098', 'Double Burst', 'CIGARETTES', 'RESALE', 'a4ad05d0-7b8f-5cd5-9996-54bc38862845'),
  ('002deed0-d64a-5100-9a3d-6663514723bb', 'Edition', 'CIGARETTES', 'RESALE', '89fe2d73-5ac6-5e8a-90e4-2ba97cb5c38d'),
  ('498d6f65-8bf9-5e33-87eb-7246dda4c11d', 'Indi Mint', 'CIGARETTES', 'RESALE', 'dadbd72e-52d0-5b46-bbf2-27ff658b99ae'),
  ('75cf7f2d-8579-580d-b8c4-4802cb284099', 'Classic Light', 'CIGARETTES', 'RESALE', '51632194-9a02-55fa-92fc-29ed340f4afd'),
  ('c64cb702-f769-5a77-b28f-7522189ce262', 'Classic x2', 'CIGARETTES', 'RESALE', '3008f490-4e0d-515a-bc53-29bd3754eb07'),
  ('e5661b8b-4709-5e1b-aa8a-27d69cf166d1', 'GF Light x2', 'CIGARETTES', 'RESALE', '3b8f4a1d-a867-5d3f-9ff0-822f6db042d5'),
  ('83e50ca8-8fd8-5400-89b3-4bd4316f0402', 'Pass Pass', 'CIGARETTES', 'RESALE', '40154876-15ce-5ae1-a281-b92892ae07e9'),
  ('742120e7-c0d1-5aca-b673-7f4bd2290a5b', 'Arogya Special Tea', 'TEA_COFFEE', 'MADE', null),
  ('6a644bbd-fa40-53fe-b1aa-3f0226b88a14', 'Black Tea', 'TEA_COFFEE', 'MADE', null),
  ('669217b3-bdd6-5626-9df3-adb3981e8f6c', 'Chocolate Tea', 'TEA_COFFEE', 'MADE', null),
  ('b16ceec9-afaf-58e1-a0f3-df6f95852f6e', 'Coffee', 'TEA_COFFEE', 'MADE', null),
  ('52259e87-ab0b-53a3-ac35-97ea29e980c6', 'Green Tea', 'TEA_COFFEE', 'MADE', null),
  ('fcd3ccb2-d1d3-5687-8011-96ad09c12bb7', 'Jaggery Tea', 'TEA_COFFEE', 'MADE', null),
  ('87d4b821-b999-5735-9583-15e066ccc6e7', 'Lemon Tea', 'TEA_COFFEE', 'MADE', null),
  ('69f9d330-cff9-5257-a844-3fb1da625203', 'Special Tea', 'TEA_COFFEE', 'MADE', null),
  ('0d7e8990-10d9-5235-a2ab-9546fa727fcb', 'Sugar Free Tea', 'TEA_COFFEE', 'MADE', null),
  ('318ae2cc-e73a-5569-93e8-1f8d8e1fc377', 'Tulasi Tea', 'TEA_COFFEE', 'MADE', null),
  ('c4f2d076-4410-5b1b-a81c-036b5c05eb92', 'Masala Tea', 'TEA_COFFEE', 'MADE', null),
  ('ac0779ee-c4ac-5496-8e1a-53ac326dc82c', 'Masala Tea Kulhad', 'TEA_COFFEE', 'MADE', null),
  ('94e7ab55-5dc8-57fe-9a56-74a8c436927b', 'Arogya Jaggery', 'TEA_COFFEE', 'MADE', null),
  ('f0e248a7-3a1d-5a42-99b0-d04a81b3b796', 'Jaggery', 'TEA_COFFEE', 'MADE', null),
  ('1ba47053-be8d-5408-af3b-b2ea45da6a58', 'Badam Shake', 'MILK_SHAKES', 'MADE', null),
  ('842a52c3-784a-523a-85f8-e7b23b0740a6', 'Chocolate Milk Shake', 'MILK_SHAKES', 'MADE', null),
  ('185726cb-b7c2-5924-95c8-d7b4239aa911', 'Mango Milk Shake', 'MILK_SHAKES', 'MADE', null),
  ('268c57ee-4e26-5a2b-bd2b-795f5f62ed65', 'Shahi Thandai', 'MILK_SHAKES', 'MADE', null),
  ('a9aec87c-7a8e-577e-bf1d-507824287078', 'Shahi Pista', 'MILK_SHAKES', 'MADE', null),
  ('ee40f12c-3e09-5b05-93f3-63c8f3834666', 'Badam Keshar Milk', 'MILK_SHAKES', 'MADE', null),
  ('d1cb2d8a-f280-5254-b68c-fd23f6f11649', 'Cold Coffee', 'MILK_SHAKES', 'MADE', null),
  ('cefaa44c-1a34-5443-bf27-0a53281fd681', 'Oreo Shake', 'MILK_SHAKES', 'MADE', null),
  ('9df0c975-f65b-5018-99ed-e440e834bf03', 'Pina Kolada Shake', 'MILK_SHAKES', 'MADE', null),
  ('82ef0d17-a4dd-593b-9bdf-de280ece19c2', 'Nibu Sarbat', 'JUICES', 'MADE', null),
  ('408698d9-e69d-58e3-89cb-12a09e729e48', 'Masala Peru Sarbat', 'JUICES', 'MADE', null),
  ('adea3dfb-1573-518d-8f5a-e2ce9d401624', 'Kala Khatta Sarbat', 'JUICES', 'MADE', null),
  ('95d4ccc5-3611-5520-89d6-85703cf2bca8', 'Orange Drink', 'JUICES', 'MADE', null),
  ('b9f64a23-a897-5b47-9898-ce65e9998436', 'Cold Drink', 'COLD_DRINKS', 'RESALE', 'd71ccc87-909c-507b-84e7-26b3637aaaa5'),
  ('47b0dc4b-3c24-57ee-8eab-f40db544731d', 'Diet Coke', 'COLD_DRINKS', 'RESALE', '995b86b3-60dd-521f-9b31-78e084a326cb'),
  ('252f6151-d648-5475-ada3-75f9ff16eb49', 'Red Bull', 'COLD_DRINKS', 'RESALE', '8f493337-9fb1-56f9-949c-4991ea659f62'),
  ('c3a32aa7-90a5-5e6f-9fdd-aa73e1d3c8cf', '7up Nimbooz', 'COLD_DRINKS', 'RESALE', '5dcd561a-3c2c-5a96-a76b-8091718124ee'),
  ('2a2bf6f1-3072-5808-a97e-e4d8626b31f5', 'Mirinda Orange', 'COLD_DRINKS', 'RESALE', '842c0c49-9c81-5d97-9a4a-af2fd5cd096d'),
  ('57e166d9-2df8-53c7-b817-1534392c4a3f', 'Mountain Dew', 'COLD_DRINKS', 'RESALE', 'b710b833-12b0-56c7-b669-5abf3c4c16ea'),
  ('14b77ac2-8e3b-582f-acb0-9fa66de651a6', 'Pepsi Cola', 'COLD_DRINKS', 'RESALE', '1d92ab98-46b4-50eb-8d71-1115fc814404'),
  ('adaa3bce-8198-51d5-a29c-6a0c764622e2', 'Sting 250 ml', 'COLD_DRINKS', 'RESALE', '55499d90-bc7e-5cb4-813a-4095e1c271f0'),
  ('5100a91e-2182-56fd-a004-0015815a645d', 'Sting 180ml CAN', 'COLD_DRINKS', 'RESALE', '737cf664-4138-5184-8fdb-6907a4c475b2'),
  ('4620a98a-e770-59be-a0f1-01d1736c9d63', 'Tropicana Slice Tetra', 'COLD_DRINKS', 'RESALE', '5badb0f3-e18e-5713-9126-ceb76595dd76'),
  ('4f9c5447-e5ca-57c2-b15b-b81be4a4a93c', 'Aquafina 500 ml', 'COLD_DRINKS', 'RESALE', 'e7f69aae-8b01-5c0b-9ed4-ab35358d135b'),
  ('1edaf394-c03d-5eef-b8ab-5028d991a3c5', 'Aquafina 1 Lit', 'COLD_DRINKS', 'RESALE', 'db105fbb-6560-5ddd-a911-dbee8747f9df'),
  ('49139ae1-667a-5a9e-b06a-c3911caaebe9', 'LAYS', 'SNACKS', 'RESALE', '37292fcb-70b7-5102-890b-d594ac994792'),
  ('dcd43b1e-7492-55e5-8162-cd2b663a5877', 'Cream Roll', 'SNACKS', 'RESALE', '98fbc019-eb5b-532e-a43a-1447ee13358c'),
  ('f4557612-ea66-5707-a526-69f34a11f9a4', 'Ban Maska', 'SNACKS', 'RESALE', '3a1eff5f-b34c-5eb8-a952-7a2edb6ae25c'),
  ('3da3e7f0-550a-53c6-93de-c73b491aa486', 'Biscuit', 'SNACKS', 'RESALE', '7a08cdc0-78dc-5a1c-9a75-33ba87fd7df8'),
  ('a8ec71ad-855d-5c2e-bceb-5048dd188924', 'Maggie', 'SNACKS', 'RESALE', '624adcdf-e569-5069-b958-09fbf3bf46e2'),
  ('5b18b5d2-945f-5a6d-9fb3-d6784472fd9a', 'Roll', 'SNACKS', 'RESALE', '988d3a8d-6260-52d3-b915-6d4bc0b616b8'),
  ('d3f0a4b4-f75d-5188-85a1-4cdc3c9dc205', 'Paneer', 'SNACKS', 'RESALE', 'b2914872-a992-5f9d-8342-e272f316918e'),
  ('a24e4a90-d2c6-5533-a1dd-29c64e17b674', 'Cadbury', 'SNACKS', 'RESALE', '695e9ecc-0287-5178-829a-b614983b6182'),
  ('568aea78-4a9c-56a3-bc4a-be2b51e03f8d', 'Cadbury (Chota)', 'SNACKS', 'RESALE', '99896490-dfc5-5a7e-8114-82cbedeaaa4c'),
  ('1d120944-7aaa-5b49-909a-9525d4aea367', 'Kulhad', 'KULHAD', 'MADE', null),
  ('70706d7f-3420-5449-9ace-c0ec5aa1a471', 'Masala Tea Kulhad', 'KULHAD', 'MADE', null);

insert into recipe_line (id, menu_item_id, order_size, inventory_item_id, quantity) values
  ('949110b9-2e01-5c0a-8c41-4ecc72398b0a', '742120e7-c0d1-5aca-b673-7f4bd2290a5b', 'SERVING', '142fd118-64c7-5ca7-8b7c-e13c18357e94', 1),
  ('6c005db7-50c5-5705-9f35-231327977262', '742120e7-c0d1-5aca-b673-7f4bd2290a5b', 'SERVING', '1b2a7b83-bee7-54b5-b168-19cb4a4d6d43', 60),
  ('576181c9-c7a1-5c68-9d47-d1b01f264800', '6a644bbd-fa40-53fe-b1aa-3f0226b88a14', 'SERVING', '142fd118-64c7-5ca7-8b7c-e13c18357e94', 1),
  ('80961184-c0c0-5361-8e2d-9ed4d0105d24', '669217b3-bdd6-5626-9df3-adb3981e8f6c', 'SERVING', '142fd118-64c7-5ca7-8b7c-e13c18357e94', 1),
  ('ee1b7b73-7783-5577-a912-daebe3b3d25e', '669217b3-bdd6-5626-9df3-adb3981e8f6c', 'SERVING', '1b2a7b83-bee7-54b5-b168-19cb4a4d6d43', 60),
  ('61538fb0-633c-5ced-a724-08c042024e31', 'b16ceec9-afaf-58e1-a0f3-df6f95852f6e', 'SERVING', '142fd118-64c7-5ca7-8b7c-e13c18357e94', 1),
  ('1ef95df7-158d-5dae-99ca-93e510a9fe8d', 'b16ceec9-afaf-58e1-a0f3-df6f95852f6e', 'SERVING', '1b2a7b83-bee7-54b5-b168-19cb4a4d6d43', 60),
  ('1947df93-8931-57ea-967e-dc1e2fb5ee23', '52259e87-ab0b-53a3-ac35-97ea29e980c6', 'SERVING', '142fd118-64c7-5ca7-8b7c-e13c18357e94', 1),
  ('6367f1bc-a6c9-56a6-ab7e-3288d13baeb7', 'fcd3ccb2-d1d3-5687-8011-96ad09c12bb7', 'SERVING', '142fd118-64c7-5ca7-8b7c-e13c18357e94', 1),
  ('e5f51f56-0f62-5d35-b706-d1e518fcfe77', 'fcd3ccb2-d1d3-5687-8011-96ad09c12bb7', 'SERVING', '1b2a7b83-bee7-54b5-b168-19cb4a4d6d43', 60),
  ('2d6f090c-afd1-5962-8c94-92b75b083b75', '87d4b821-b999-5735-9583-15e066ccc6e7', 'SERVING', '142fd118-64c7-5ca7-8b7c-e13c18357e94', 1),
  ('c3933054-7b39-5853-a607-8bd6cdf5c591', '69f9d330-cff9-5257-a844-3fb1da625203', 'SERVING', '142fd118-64c7-5ca7-8b7c-e13c18357e94', 1),
  ('aecf13ca-6917-573a-b8cf-6dc1d6531818', '69f9d330-cff9-5257-a844-3fb1da625203', 'SERVING', '1b2a7b83-bee7-54b5-b168-19cb4a4d6d43', 60),
  ('4b50c24a-8ffe-5836-9100-e34df84c7104', '0d7e8990-10d9-5235-a2ab-9546fa727fcb', 'SERVING', '142fd118-64c7-5ca7-8b7c-e13c18357e94', 1),
  ('4ce49926-0db1-5d7a-9365-6912eb7cc01e', '0d7e8990-10d9-5235-a2ab-9546fa727fcb', 'SERVING', '1b2a7b83-bee7-54b5-b168-19cb4a4d6d43', 60),
  ('e4a94460-b410-5917-9c58-5467ff141300', '318ae2cc-e73a-5569-93e8-1f8d8e1fc377', 'SERVING', '142fd118-64c7-5ca7-8b7c-e13c18357e94', 1),
  ('eed7c2d2-3073-5611-877f-73eaa3f0b052', '318ae2cc-e73a-5569-93e8-1f8d8e1fc377', 'SERVING', '1b2a7b83-bee7-54b5-b168-19cb4a4d6d43', 60),
  ('c3349b22-8069-5565-a182-464fc009e54f', 'c4f2d076-4410-5b1b-a81c-036b5c05eb92', 'SERVING', '142fd118-64c7-5ca7-8b7c-e13c18357e94', 1),
  ('ec9928ab-005b-5339-a8c2-89548ed6fa46', 'c4f2d076-4410-5b1b-a81c-036b5c05eb92', 'SERVING', '1b2a7b83-bee7-54b5-b168-19cb4a4d6d43', 60),
  ('fc6d02e8-d85f-567d-a47c-9f91f7556f3e', 'ac0779ee-c4ac-5496-8e1a-53ac326dc82c', 'SERVING', '142fd118-64c7-5ca7-8b7c-e13c18357e94', 1),
  ('c669a56d-b3c5-542f-9de1-9570c497c94d', 'ac0779ee-c4ac-5496-8e1a-53ac326dc82c', 'SERVING', '1b2a7b83-bee7-54b5-b168-19cb4a4d6d43', 60),
  ('92f1bd17-a9f2-5606-89cf-553f84aefcf3', 'ac0779ee-c4ac-5496-8e1a-53ac326dc82c', 'SERVING', '2c248236-23a5-5775-be41-cc5bbfeb7178', 1),
  ('67af9bec-a2d8-54a4-8c95-2bfca5b8db8b', '94e7ab55-5dc8-57fe-9a56-74a8c436927b', 'SERVING', '142fd118-64c7-5ca7-8b7c-e13c18357e94', 1),
  ('f971e1fe-8481-5ca3-bbc8-9cd25db1a8d4', '94e7ab55-5dc8-57fe-9a56-74a8c436927b', 'SERVING', '1b2a7b83-bee7-54b5-b168-19cb4a4d6d43', 60),
  ('4ac30a5a-d3e4-58d7-956b-13ebb268f46f', 'f0e248a7-3a1d-5a42-99b0-d04a81b3b796', 'SERVING', '142fd118-64c7-5ca7-8b7c-e13c18357e94', 1),
  ('1ac60b7c-70e1-58de-b687-8b1f8c1dae8b', 'f0e248a7-3a1d-5a42-99b0-d04a81b3b796', 'SERVING', '1b2a7b83-bee7-54b5-b168-19cb4a4d6d43', 60),
  ('80d96840-a689-5f9c-8a77-85205356535d', '1ba47053-be8d-5408-af3b-b2ea45da6a58', 'LESS', '142fd118-64c7-5ca7-8b7c-e13c18357e94', 1),
  ('c5f1d106-ee46-526d-93ac-2bd77673535f', '1ba47053-be8d-5408-af3b-b2ea45da6a58', 'LESS', '1b2a7b83-bee7-54b5-b168-19cb4a4d6d43', 120),
  ('28c061fd-e4a5-52d4-88bc-fb1ce7960344', '1ba47053-be8d-5408-af3b-b2ea45da6a58', 'REGULAR', '142fd118-64c7-5ca7-8b7c-e13c18357e94', 1),
  ('83316436-dd87-5f5f-a4cc-274e0e3b2f5c', '1ba47053-be8d-5408-af3b-b2ea45da6a58', 'REGULAR', '1b2a7b83-bee7-54b5-b168-19cb4a4d6d43', 180),
  ('fa501496-0e91-5ffa-bf72-62b738533dee', '842a52c3-784a-523a-85f8-e7b23b0740a6', 'LESS', '142fd118-64c7-5ca7-8b7c-e13c18357e94', 1),
  ('bbc4c620-ceec-591d-8b82-7cd6d5fe76a6', '842a52c3-784a-523a-85f8-e7b23b0740a6', 'LESS', '1b2a7b83-bee7-54b5-b168-19cb4a4d6d43', 120),
  ('eaacec3f-aad9-5785-9daa-8da51788e181', '842a52c3-784a-523a-85f8-e7b23b0740a6', 'REGULAR', '142fd118-64c7-5ca7-8b7c-e13c18357e94', 1),
  ('5a132d8d-1327-5fed-b95a-a91c185bc43b', '842a52c3-784a-523a-85f8-e7b23b0740a6', 'REGULAR', '1b2a7b83-bee7-54b5-b168-19cb4a4d6d43', 180),
  ('64560654-db4c-56ec-a908-ec44825b197f', '185726cb-b7c2-5924-95c8-d7b4239aa911', 'LESS', '142fd118-64c7-5ca7-8b7c-e13c18357e94', 1),
  ('2c659f3e-4086-5aba-af56-e1ef2d1dde2c', '185726cb-b7c2-5924-95c8-d7b4239aa911', 'LESS', '1b2a7b83-bee7-54b5-b168-19cb4a4d6d43', 120),
  ('c425385f-16df-5f7d-a06d-2f5af63765e9', '185726cb-b7c2-5924-95c8-d7b4239aa911', 'REGULAR', '142fd118-64c7-5ca7-8b7c-e13c18357e94', 1),
  ('abb6f738-dd35-5e86-b047-e98388d76ddf', '185726cb-b7c2-5924-95c8-d7b4239aa911', 'REGULAR', '1b2a7b83-bee7-54b5-b168-19cb4a4d6d43', 180),
  ('4d53642c-73a9-5e27-8c10-e2a954a74820', '268c57ee-4e26-5a2b-bd2b-795f5f62ed65', 'LESS', '142fd118-64c7-5ca7-8b7c-e13c18357e94', 1),
  ('fd8165e1-d25c-560d-8c94-acba66ace22f', '268c57ee-4e26-5a2b-bd2b-795f5f62ed65', 'LESS', '1b2a7b83-bee7-54b5-b168-19cb4a4d6d43', 120),
  ('01ccad9f-5543-5a0f-b4b3-8b9aa3cf716c', '268c57ee-4e26-5a2b-bd2b-795f5f62ed65', 'REGULAR', '142fd118-64c7-5ca7-8b7c-e13c18357e94', 1),
  ('a71a667e-61e1-5d1e-8f05-01e5e583e089', '268c57ee-4e26-5a2b-bd2b-795f5f62ed65', 'REGULAR', '1b2a7b83-bee7-54b5-b168-19cb4a4d6d43', 180),
  ('9af6fe90-5d93-5eff-8fd6-67ffda543bf3', 'a9aec87c-7a8e-577e-bf1d-507824287078', 'LESS', '142fd118-64c7-5ca7-8b7c-e13c18357e94', 1),
  ('2129c7e2-e4b7-5d3c-b6eb-e1d662481a88', 'a9aec87c-7a8e-577e-bf1d-507824287078', 'LESS', '1b2a7b83-bee7-54b5-b168-19cb4a4d6d43', 120),
  ('7a4162cf-166e-5247-affd-b55b69da13c6', 'a9aec87c-7a8e-577e-bf1d-507824287078', 'REGULAR', '142fd118-64c7-5ca7-8b7c-e13c18357e94', 1),
  ('a606231a-2203-5f75-8e02-c23b7471745d', 'a9aec87c-7a8e-577e-bf1d-507824287078', 'REGULAR', '1b2a7b83-bee7-54b5-b168-19cb4a4d6d43', 180),
  ('af1c6878-ede0-5fa0-8484-69117b25c5cf', 'ee40f12c-3e09-5b05-93f3-63c8f3834666', 'SERVING', '142fd118-64c7-5ca7-8b7c-e13c18357e94', 1),
  ('f68d5852-c2ab-5934-8030-0a35c35d2b6d', 'd1cb2d8a-f280-5254-b68c-fd23f6f11649', 'LESS', '142fd118-64c7-5ca7-8b7c-e13c18357e94', 1),
  ('ed5d0cbc-6789-5856-a870-dd1a1070ce14', 'd1cb2d8a-f280-5254-b68c-fd23f6f11649', 'LESS', '1b2a7b83-bee7-54b5-b168-19cb4a4d6d43', 120),
  ('dbcf1b68-ae4a-5a7c-b5eb-5885a9cf602b', 'd1cb2d8a-f280-5254-b68c-fd23f6f11649', 'REGULAR', '142fd118-64c7-5ca7-8b7c-e13c18357e94', 1),
  ('20e93112-c3f0-5bb9-9afb-f5cebede83fe', 'd1cb2d8a-f280-5254-b68c-fd23f6f11649', 'REGULAR', '1b2a7b83-bee7-54b5-b168-19cb4a4d6d43', 180),
  ('b484d2e5-6de4-5807-bbda-c946f77202bb', 'cefaa44c-1a34-5443-bf27-0a53281fd681', 'LESS', '142fd118-64c7-5ca7-8b7c-e13c18357e94', 1),
  ('fa36ebed-589d-5f0d-abe1-32ff305ba61d', 'cefaa44c-1a34-5443-bf27-0a53281fd681', 'LESS', '1b2a7b83-bee7-54b5-b168-19cb4a4d6d43', 120),
  ('e7c533b6-2814-58f4-811c-c1b73fef9bb8', 'cefaa44c-1a34-5443-bf27-0a53281fd681', 'REGULAR', '142fd118-64c7-5ca7-8b7c-e13c18357e94', 1),
  ('100a97d1-b0e2-5692-82f3-6668cafa1eff', 'cefaa44c-1a34-5443-bf27-0a53281fd681', 'REGULAR', '1b2a7b83-bee7-54b5-b168-19cb4a4d6d43', 180),
  ('f5c82b65-5d91-5667-9a61-8761a4548801', '9df0c975-f65b-5018-99ed-e440e834bf03', 'LESS', '142fd118-64c7-5ca7-8b7c-e13c18357e94', 1),
  ('a17c4ed0-637c-5b84-bc19-3542adfbaf50', '9df0c975-f65b-5018-99ed-e440e834bf03', 'LESS', '1b2a7b83-bee7-54b5-b168-19cb4a4d6d43', 120),
  ('d43eb017-cc07-5634-9d1a-0ac51c232466', '9df0c975-f65b-5018-99ed-e440e834bf03', 'REGULAR', '142fd118-64c7-5ca7-8b7c-e13c18357e94', 1),
  ('b42ae625-954c-525a-ae45-d98b02c8a21b', '9df0c975-f65b-5018-99ed-e440e834bf03', 'REGULAR', '1b2a7b83-bee7-54b5-b168-19cb4a4d6d43', 180),
  ('d54687fa-0f88-5454-8c42-9a2d80de3b4e', '82ef0d17-a4dd-593b-9bdf-de280ece19c2', 'SERVING', '142fd118-64c7-5ca7-8b7c-e13c18357e94', 1),
  ('f96b8c23-acc3-5f1f-b369-99b16b4e11c4', '408698d9-e69d-58e3-89cb-12a09e729e48', 'SERVING', '142fd118-64c7-5ca7-8b7c-e13c18357e94', 1),
  ('305e8bee-90b4-5ffa-804b-91f50649f9fb', 'adea3dfb-1573-518d-8f5a-e2ce9d401624', 'SERVING', '142fd118-64c7-5ca7-8b7c-e13c18357e94', 1),
  ('1b72bc75-58b2-5129-8a59-e5b7a80a631d', '95d4ccc5-3611-5520-89d6-85703cf2bca8', 'SERVING', '142fd118-64c7-5ca7-8b7c-e13c18357e94', 1),
  ('8b1855fa-5d91-5879-a0d9-957a19e9b8ad', '1d120944-7aaa-5b49-909a-9525d4aea367', 'SERVING', '142fd118-64c7-5ca7-8b7c-e13c18357e94', 1),
  ('e710632f-7b5f-52f5-a9d4-e64dfe95a03e', '1d120944-7aaa-5b49-909a-9525d4aea367', 'SERVING', '1b2a7b83-bee7-54b5-b168-19cb4a4d6d43', 60),
  ('6941f329-4d55-513e-a69a-2a4ad1a49b53', '1d120944-7aaa-5b49-909a-9525d4aea367', 'SERVING', '2c248236-23a5-5775-be41-cc5bbfeb7178', 1),
  ('c7317104-2038-524e-a980-0e12be79239c', '70706d7f-3420-5449-9ace-c0ec5aa1a471', 'SERVING', '142fd118-64c7-5ca7-8b7c-e13c18357e94', 1),
  ('6cc5eb6e-ba03-5ec1-9b77-9a7d20657a43', '70706d7f-3420-5449-9ace-c0ec5aa1a471', 'SERVING', '1b2a7b83-bee7-54b5-b168-19cb4a4d6d43', 60),
  ('026b2587-2743-5d35-89e9-6f079893650d', '70706d7f-3420-5449-9ace-c0ec5aa1a471', 'SERVING', '2c248236-23a5-5775-be41-cc5bbfeb7178', 1);
